Position,Const,Created,Modified,Description,Title,URL,Title Type,IMDb Rating,Runtime (mins),Year,Genres,Num Votes,Release Date,Directors,Your Rating,Date Rated
1,tt0096874,2016-04-06,2016-04-06,,Back to the Future Part II,https://www.imdb.com/title/tt0096874/,movie,7.8,108,1989,"Adventure, Comedy, Sci-Fi",508368,1989-11-20,Robert Zemeckis,,
2,tt0073195,2016-04-06,2016-04-06,,Jaws,https://www.imdb.com/title/tt0073195/,movie,8.0,124,1975,"Adventure, Thriller",571201,1975-06-20,Steven Spielberg,,
3,tt0112573,2016-04-06,2016-04-06,,Braveheart,https://www.imdb.com/title/tt0112573/,movie,8.3,178,1995,"Biography, Drama, History, War",999496,1995-05-18,Mel Gibson,,
4,tt0816711,2016-04-06,2016-04-06,,World War Z,https://www.imdb.com/title/tt0816711/,movie,7.0,116,2013,"Action, Adventure, Horror, Sci-Fi",635061,2013-06-02,Marc Forster,,
5,tt2024544,2016-04-06,2016-04-06,,12 Years a Slave,https://www.imdb.com/title/tt2024544/,movie,8.1,134,2013,"Biography, Drama, History",672980,2013-08-30,Steve McQueen,,
6,tt1024648,2016-04-06,2016-04-06,,Argo,https://www.imdb.com/title/tt1024648/,movie,7.7,120,2012,"Biography, Drama, Thriller",596705,2012-08-31,Ben Affleck,,
7,tt0790636,2016-04-06,2016-04-06,,Dallas Buyers Club,https://www.imdb.com/title/tt0790636/,movie,8.0,117,2013,"Biography, Drama",468132,2013-09-07,Jean-Marc Vallée,,
8,tt1454468,2016-04-06,2016-04-06,,Gravity,https://www.imdb.com/title/tt1454468/,movie,7.7,91,2013,"Action, Drama, Sci-Fi, Thriller",800080,2013-08-28,Alfonso Cuarón,,
9,tt2713180,2016-06-04,2016-06-04,,Fury,https://www.imdb.com/title/tt2713180/,movie,7.6,134,2014,"Action, Drama, War",458917,2014-10-15,David Ayer,,
10,tt0268380,2016-06-04,2016-06-04,,Ice Age,https://www.imdb.com/title/tt0268380/,movie,7.5,81,2002,"Animation, Adventure, Comedy, Family",463573,2002-03-12,"Chris Wedge, Carlos Saldanha",,
11,tt3682448,2016-06-21,2016-06-21,,Bridge of Spies,https://www.imdb.com/title/tt3682448/,movie,7.6,142,2015,"Drama, History, Thriller",302239,2015-10-04,Steven Spielberg,,
12,tt1343092,2016-07-29,2016-07-29,,The Great Gatsby,https://www.imdb.com/title/tt1343092/,movie,7.2,143,2013,"Drama, Romance",513314,2013-05-01,Baz Luhrmann,,
13,tt3460252,2017-05-12,2017-05-12,,The Hateful Eight,https://www.imdb.com/title/tt3460252/,movie,7.8,168,2015,"Crime, Drama, Mystery, Thriller, Western",562645,2015-12-07,Quentin Tarantino,,
14,tt0083944,2017-08-10,2017-08-10,,First Blood,https://www.imdb.com/title/tt0083944/,movie,7.7,93,1982,"Action, Adventure",241466,1982-10-22,Ted Kotcheff,,
15,tt3774114,2017-08-13,2017-08-13,,Snowden,https://www.imdb.com/title/tt3774114/,movie,7.3,134,2016,"Biography, Crime, Drama, Thriller",147514,2016-07-21,Oliver Stone,,
16,tt0075314,2017-09-18,2017-09-18,,Taxi Driver,https://www.imdb.com/title/tt0075314/,movie,8.2,114,1976,"Crime, Drama",774622,1976-02-08,Martin Scorsese,,
17,tt5013056,2017-09-26,2017-09-26,,Dunkirk,https://www.imdb.com/title/tt5013056/,movie,7.8,106,2017,"Action, Drama, History, Thriller, War",610513,2017-07-13,Christopher Nolan,,
18,tt0455275,2017-11-29,2017-11-29,,Prison Break,https://www.imdb.com/title/tt0455275/,tvSeries,8.3,44,2005,"Action, Crime, Drama, Mystery, Thriller",506172,2005-08-29,,,
19,tt0411008,2017-11-29,2017-11-29,,Lost,https://www.imdb.com/title/tt0411008/,tvSeries,8.3,44,2004,"Adventure, Drama, Fantasy, Mystery, Sci-Fi, Thriller",526519,2004-09-21,,,
20,tt0185906,2017-11-29,2017-11-29,,Band of Brothers,https://www.imdb.com/title/tt0185906/,tvMiniSeries,9.4,594,2001,"Drama, History, War",409327,2001-09-09,,,
21,tt4158110,2017-11-29,2017-11-29,,Mr. Robot,https://www.imdb.com/title/tt4158110/,tvSeries,8.5,49,2015,"Crime, Drama, Thriller",362890,2015-03-17,,,
22,tt0278238,2017-11-29,2017-11-29,,Samurai Jack,https://www.imdb.com/title/tt0278238/,tvSeries,8.5,25,2001,"Animation, Action, Adventure, Drama, Fantasy, Sci-Fi, Thriller",50043,2001-08-10,,,
23,tt1355642,2017-11-29,2017-11-29,,Hagane no renkinjutsushi,https://www.imdb.com/title/tt1355642/,tvSeries,9.1,24,2009,"Animation, Action, Adventure, Comedy, Drama, Fantasy, Sci-Fi",145614,2009-04-05,,,
24,tt1535109,2017-12-17,2017-12-17,,Captain Phillips,https://www.imdb.com/title/tt1535109/,movie,7.8,134,2013,"Action, Biography, Crime, Drama, Thriller",442963,2013-09-27,Paul Greengrass,,
25,tt0454921,2017-12-17,2017-12-17,,The Pursuit of Happyness,https://www.imdb.com/title/tt0454921/,movie,8.0,117,2006,"Biography, Drama",482426,2006-12-15,Gabriele Muccino,,
26,tt0368226,2017-12-23,2017-12-23,,The Room,https://www.imdb.com/title/tt0368226/,movie,3.7,99,2003,Drama,86784,2003-06-27,Tommy Wiseau,,
27,tt3397884,2017-12-23,2017-12-23,,Sicario,https://www.imdb.com/title/tt3397884/,movie,7.6,121,2015,"Action, Crime, Drama, Mystery, Thriller",405267,2015-05-19,Denis Villeneuve,,
28,tt0405159,2018-01-25,2018-01-25,,Million Dollar Baby,https://www.imdb.com/title/tt0405159/,movie,8.1,132,2004,"Drama, Sport",664781,2004-12-05,Clint Eastwood,,
29,tt0093773,2018-02-07,2018-02-07,,Predator,https://www.imdb.com/title/tt0093773/,movie,7.8,107,1987,"Action, Adventure, Horror, Sci-Fi",392506,1987-06-12,John McTiernan,,
30,tt0196229,2018-02-24,2018-02-24,,Zoolander,https://www.imdb.com/title/tt0196229/,movie,6.5,90,2001,Comedy,256665,2001-09-28,Ben Stiller,,
31,tt0942385,2018-02-24,2018-02-24,,Tropic Thunder,https://www.imdb.com/title/tt0942385/,movie,7.0,107,2008,"Action, Comedy, War",399048,2008-08-11,Ben Stiller,,
32,tt0120912,2018-02-25,2018-02-25,,Men in Black II,https://www.imdb.com/title/tt0120912/,movie,6.2,88,2002,"Action, Adventure, Comedy, Mystery, Sci-Fi",360641,2002-07-03,Barry Sonnenfeld,,
33,tt3521126,2018-03-02,2018-03-02,,The Disaster Artist,https://www.imdb.com/title/tt3521126/,movie,7.3,104,2017,"Biography, Comedy, Drama",147589,2017-09-11,James Franco,,
34,tt1229340,2018-03-02,2018-03-02,,Anchorman 2: The Legend Continues,https://www.imdb.com/title/tt1229340/,movie,6.3,119,2013,Comedy,176282,2013-11-24,Adam McKay,,
35,tt0097576,2018-04-13,2018-04-13,,Indiana Jones and the Last Crusade,https://www.imdb.com/title/tt0097576/,movie,8.2,127,1989,"Action, Adventure",726133,1989-05-24,Steven Spielberg,,
36,tt0087469,2018-04-13,2018-04-13,,Indiana Jones and the Temple of Doom,https://www.imdb.com/title/tt0087469/,movie,7.5,118,1984,"Action, Adventure",470669,1984-05-08,Steven Spielberg,,
37,tt0367882,2018-04-13,2018-04-13,,Indiana Jones and the Kingdom of the Crystal Skull,https://www.imdb.com/title/tt0367882/,movie,6.1,122,2008,"Action, Adventure",442089,2008-05-18,Steven Spielberg,,
38,tt0073486,2018-05-04,2018-05-04,,One Flew Over the Cuckoo's Nest,https://www.imdb.com/title/tt0073486/,movie,8.7,133,1975,Drama,966105,1975-11-19,Milos Forman,,
39,tt0892791,2018-05-04,2018-05-04,,Shrek Forever After,https://www.imdb.com/title/tt0892791/,movie,6.3,93,2010,"Animation, Adventure, Comedy, Family, Fantasy, Romance",195916,2010-04-21,Mike Mitchell,,
40,tt2582802,2018-06-04,2018-06-04,,Whiplash,https://www.imdb.com/title/tt2582802/,movie,8.5,106,2014,"Drama, Music",780991,2014-01-16,Damien Chazelle,,
41,tt0332379,2018-06-06,2018-06-06,,School of Rock,https://www.imdb.com/title/tt0332379/,movie,7.1,109,2003,"Comedy, Music",295202,2003-09-09,Richard Linklater,,
42,tt0145660,2018-07-05,2018-07-05,,Austin Powers: The Spy Who Shagged Me,https://www.imdb.com/title/tt0145660/,movie,6.6,95,1999,"Action, Adventure, Comedy, Crime",226446,1999-06-08,Jay Roach,,
43,tt0295178,2018-07-05,2018-07-05,,Austin Powers in Goldmember,https://www.imdb.com/title/tt0295178/,movie,6.2,94,2002,"Action, Adventure, Comedy, Crime",204085,2002-07-22,Jay Roach,,
44,tt2316204,2018-07-05,2018-07-05,,Alien: Covenant,https://www.imdb.com/title/tt2316204/,movie,6.4,122,2017,"Horror, Sci-Fi, Thriller",269695,2017-05-04,Ridley Scott,,
45,tt0118583,2018-07-05,2018-07-05,,Alien: Resurrection,https://www.imdb.com/title/tt0118583/,movie,6.2,109,1997,"Action, Horror, Sci-Fi",240109,1997-11-06,Jean-Pierre Jeunet,,
46,tt1446714,2018-07-05,2018-07-05,,Prometheus,https://www.imdb.com/title/tt1446714/,movie,7.0,124,2012,"Adventure, Mystery, Sci-Fi",590794,2012-04-11,Ridley Scott,,
47,tt0374900,2018-07-15,2018-07-15,,Napoleon Dynamite,https://www.imdb.com/title/tt0374900/,movie,6.9,96,2004,Comedy,209643,2004-01-17,Jared Hess,,
48,tt1650554,2018-07-17,2018-07-17,,Kick-Ass 2,https://www.imdb.com/title/tt1650554/,movie,6.5,103,2013,"Action, Comedy, Crime, Thriller",264468,2013-08-14,Jeff Wadlow,,
49,tt0285331,2018-07-19,2018-07-19,,24,https://www.imdb.com/title/tt0285331/,tvSeries,8.3,44,2001,"Action, Crime, Drama, Thriller",180417,2001-11-06,,,
50,tt2313197,2018-08-02,2018-08-02,,"Batman: The Dark Knight Returns, Part 1",https://www.imdb.com/title/tt2313197/,video,8.0,76,2012,"Animation, Action, Crime, Drama, Thriller",56637,2012-09-06,Jay Oliva,,
51,tt2166834,2018-08-02,2018-08-02,,"Batman: The Dark Knight Returns, Part 2",https://www.imdb.com/title/tt2166834/,video,8.4,76,2013,"Animation, Action, Crime, Drama, Horror, Sci-Fi, Thriller",49633,2013-01-29,Jay Oliva,,
52,tt1641384,2018-08-02,2018-08-02,,Young Justice,https://www.imdb.com/title/tt1641384/,tvSeries,8.6,23,2010,"Animation, Action, Adventure, Crime, Romance, Sci-Fi",37136,2010-11-26,,,
53,tt1409024,2018-08-02,2018-08-02,,Men in Black 3,https://www.imdb.com/title/tt1409024/,movie,6.8,106,2012,"Action, Adventure, Comedy, Sci-Fi",350244,2012-05-14,Barry Sonnenfeld,,
54,tt1839578,2018-08-05,2018-08-05,,Person of Interest,https://www.imdb.com/title/tt1839578/,tvSeries,8.4,43,2011,"Action, Crime, Drama, Mystery, Sci-Fi, Thriller",170295,2011-09-22,,,
55,tt0119567,2018-08-22,2018-08-22,,The Lost World: Jurassic Park,https://www.imdb.com/title/tt0119567/,movie,6.6,129,1997,"Action, Adventure, Sci-Fi",398947,1997-05-19,Steven Spielberg,,
56,tt0163025,2018-08-22,2018-08-22,,Jurassic Park III,https://www.imdb.com/title/tt0163025/,movie,5.9,92,2001,"Action, Adventure, Sci-Fi, Thriller",308099,2001-07-16,Joe Johnston,,
57,tt1638355,2018-08-26,2018-08-26,,The Man from U.N.C.L.E.,https://www.imdb.com/title/tt1638355/,movie,7.3,116,2015,"Action, Adventure, Comedy",294915,2015-08-02,Guy Ritchie,,
58,tt1800241,2018-08-29,2018-08-29,,American Hustle,https://www.imdb.com/title/tt1800241/,movie,7.2,138,2013,"Crime, Drama",466401,2013-12-03,David O. Russell,,
59,tt0412142,2018-08-29,2018-08-29,,House M.D.,https://www.imdb.com/title/tt0412142/,tvSeries,8.7,44,2004,"Drama, Mystery",438593,2004-11-15,,,
60,tt7167658,2018-08-29,2018-08-29,,The Death of Superman,https://www.imdb.com/title/tt7167658/,video,7.4,81,2018,"Animation, Action, Family, Sci-Fi",15680,2018-07-24,"Sam Liu, Jake Castorena",,
61,tt0274166,2018-09-24,2018-09-24,,Johnny English,https://www.imdb.com/title/tt0274166/,movie,6.2,89,2003,"Action, Adventure, Comedy",155417,2003-04-06,Peter Howitt,,
62,tt0167190,2018-10-07,2018-10-07,,Hellboy,https://www.imdb.com/title/tt0167190/,movie,6.8,122,2004,"Action, Adventure, Fantasy, Mystery, Sci-Fi",318526,2004-03-30,Guillermo del Toro,,
63,tt0217505,2018-10-12,2018-10-12,,Gangs of New York,https://www.imdb.com/title/tt0217505/,movie,7.5,167,2002,"Crime, Drama",425773,2002-12-09,Martin Scorsese,,
64,tt3778644,2018-10-19,2018-10-19,,Solo: A Star Wars Story,https://www.imdb.com/title/tt3778644/,movie,6.9,135,2018,"Action, Adventure, Sci-Fi",320084,2018-05-10,Ron Howard,,
65,tt0448157,2018-10-22,2018-10-22,,Hancock,https://www.imdb.com/title/tt0448157/,movie,6.4,92,2008,"Action, Drama, Fantasy",464960,2008-06-16,Peter Berg,,
66,tt0112442,2018-10-22,2018-10-22,,Bad Boys,https://www.imdb.com/title/tt0112442/,movie,6.9,119,1995,"Action, Comedy, Crime, Thriller",254371,1995-04-06,Michael Bay,,
67,tt0213149,2018-11-06,2018-11-06,,Pearl Harbor,https://www.imdb.com/title/tt0213149/,movie,6.2,183,2001,"Action, Drama, History, Romance, War",323446,2001-05-21,Michael Bay,,
68,tt0117571,2018-11-14,2018-11-14,,Scream,https://www.imdb.com/title/tt0117571/,movie,7.3,111,1996,"Horror, Mystery",314456,1996-12-18,Wes Craven,,
69,tt4196776,2018-11-27,2018-11-27,,Jason Bourne,https://www.imdb.com/title/tt4196776/,movie,6.6,123,2016,"Action, Thriller",219620,2016-07-03,Paul Greengrass,,
70,tt1569923,2018-12-09,2018-12-09,,Batman: Under the Red Hood,https://www.imdb.com/title/tt1569923/,video,8.1,75,2010,"Animation, Action, Crime, Drama, Mystery, Sci-Fi, Thriller",59250,2010-07-27,Brandon Vietti,,
71,tt0118655,2018-12-09,2018-12-09,,Austin Powers: International Man of Mystery,https://www.imdb.com/title/tt0118655/,movie,7.0,94,1997,"Adventure, Comedy",232626,1997-04-29,Jay Roach,,
72,tt0407304,2018-12-09,2018-12-09,,War of the Worlds,https://www.imdb.com/title/tt0407304/,movie,6.5,116,2005,"Action, Adventure, Sci-Fi",433278,2005-06-13,Steven Spielberg,,
73,tt0438097,2018-12-09,2018-12-09,,Ice Age: The Meltdown,https://www.imdb.com/title/tt0438097/,movie,6.8,91,2006,"Animation, Adventure, Comedy, Family",268369,2006-03-29,Carlos Saldanha,,
74,tt2802850,2018-12-09,2018-12-09,,Fargo,https://www.imdb.com/title/tt2802850/,tvSeries,8.9,53,2014,"Crime, Drama, Thriller",353060,2014-04-15,,,
75,tt0362227,2018-12-09,2018-12-09,,The Terminal,https://www.imdb.com/title/tt0362227/,movie,7.4,128,2004,"Comedy, Drama, Romance",436530,2004-06-09,Steven Spielberg,,
76,tt0118799,2018-12-11,2018-12-11,,La vita è bella,https://www.imdb.com/title/tt0118799/,movie,8.6,116,1997,"Comedy, Drama, Romance, War",662381,1997-12-20,Roberto Benigni,,
77,tt0119217,2018-12-11,2018-12-11,,Good Will Hunting,https://www.imdb.com/title/tt0119217/,movie,8.3,126,1997,"Drama, Romance",916016,1997-12-02,Gus Van Sant,,
78,tt0099088,2018-12-20,2018-12-20,,Back to the Future Part III,https://www.imdb.com/title/tt0099088/,movie,7.4,118,1990,"Adventure, Comedy, Sci-Fi, Western",427478,1990-05-25,Robert Zemeckis,,
79,tt0056172,2019-01-09,2019-01-09,,Lawrence of Arabia,https://www.imdb.com/title/tt0056172/,movie,8.3,228,1962,"Adventure, Biography, Drama, War",283120,1962-12-10,David Lean,,
80,tt0195714,2019-01-13,2019-01-13,,Final Destination,https://www.imdb.com/title/tt0195714/,movie,6.7,98,2000,"Horror, Thriller",243823,2000-03-16,James Wong,,
81,tt0796366,2019-01-14,2019-01-14,,Star Trek,https://www.imdb.com/title/tt0796366/,movie,7.9,127,2009,"Action, Adventure, Sci-Fi",593622,2009-04-06,J.J. Abrams,,
82,tt0443272,2019-01-28,2019-01-28,,Lincoln,https://www.imdb.com/title/tt0443272/,movie,7.3,150,2012,"Biography, Drama, History, War",254560,2012-10-08,Steven Spielberg,,
83,tt0080339,2019-01-28,2019-01-28,,Airplane!,https://www.imdb.com/title/tt0080339/,movie,7.7,88,1980,Comedy,227784,1980-07-02,"Jim Abrahams, Jerry Zucker, David Zucker",,
84,tt0095705,2019-01-28,2019-01-28,,The Naked Gun: From the Files of Police Squad!,https://www.imdb.com/title/tt0095705/,movie,7.6,85,1988,"Comedy, Crime",162565,1988-12-02,David Zucker,,
85,tt0093409,2019-01-28,2019-01-28,,Lethal Weapon,https://www.imdb.com/title/tt0093409/,movie,7.6,109,1987,"Action, Crime, Thriller",249772,1987-03-06,Richard Donner,,
86,tt0795368,2019-01-28,2019-01-28,,Death at a Funeral,https://www.imdb.com/title/tt0795368/,movie,7.4,90,2007,Comedy,113480,2007-02-09,Frank Oz,,
87,tt1190080,2019-01-28,2019-01-28,,2012,https://www.imdb.com/title/tt1190080/,movie,5.8,158,2009,"Action, Adventure, Sci-Fi",367177,2009-11-11,Roland Emmerich,,
88,tt5083738,2019-01-30,2019-01-30,,The Favourite,https://www.imdb.com/title/tt5083738/,movie,7.5,119,2018,"Biography, Comedy, Drama, History",189031,2018-08-30,Yorgos Lanthimos,,
89,tt3110958,2019-02-13,2019-02-13,,Now You See Me 2,https://www.imdb.com/title/tt3110958/,movie,6.5,129,2016,"Action, Adventure, Comedy, Crime, Mystery, Thriller",271179,2016-06-02,Jon M. Chu,,
90,tt0363163,2019-02-16,2019-02-16,,Der Untergang,https://www.imdb.com/title/tt0363163/,movie,8.2,156,2004,"Biography, Drama, History, War",345070,2004-09-08,Oliver Hirschbiegel,,
91,tt0365737,2019-02-20,2019-02-20,,Syriana,https://www.imdb.com/title/tt0365737/,movie,6.9,128,2005,"Drama, Thriller",128830,2005-11-23,Stephen Gaghan,,
92,tt3381008,2019-02-22,2019-02-22,,Grimsby,https://www.imdb.com/title/tt3381008/,movie,6.2,83,2016,"Action, Adventure, Comedy, Crime, Thriller",98668,2016-02-24,Louis Leterrier,,
93,tt0052618,2019-03-04,2019-03-04,,Ben-Hur,https://www.imdb.com/title/tt0052618/,movie,8.1,212,1959,"Adventure, Drama, History",231244,1959-11-18,William Wyler,,
94,tt6343314,2019-03-11,2019-03-11,,Creed II,https://www.imdb.com/title/tt6343314/,movie,7.1,130,2018,"Drama, Sport",117173,2018-11-14,Steven Caple Jr.,,
95,tt1486217,2019-03-16,2019-03-16,,Archer,https://www.imdb.com/title/tt1486217/,tvSeries,8.6,22,2009,"Animation, Action, Comedy",147437,2009-09-17,,,
96,tt0804503,2019-03-16,2019-03-16,,Mad Men,https://www.imdb.com/title/tt0804503/,tvSeries,8.6,47,2007,Drama,224509,2007-07-19,,,
97,tt1489428,2019-03-16,2019-03-16,,Justified,https://www.imdb.com/title/tt1489428/,tvSeries,8.6,44,2010,"Action, Crime, Drama, Mystery, Thriller, Western",93612,2010-03-16,,,
98,tt0458290,2019-04-14,2019-04-14,,Star Wars: The Clone Wars,https://www.imdb.com/title/tt0458290/,tvSeries,8.3,23,2008,"Animation, Action, Adventure, Drama, Fantasy, Sci-Fi",78166,2008-08-15,,,
99,tt2930604,2019-04-14,2019-04-14,,Star Wars: Rebels,https://www.imdb.com/title/tt2930604/,tvSeries,8.0,22,2014,"Animation, Action, Adventure, Drama, Family, Fantasy, Mystery, Sci-Fi",37363,2014-08-10,,,
100,tt1028532,2019-04-25,2019-04-25,,Hachi: A Dog's Tale,https://www.imdb.com/title/tt1028532/,movie,8.1,93,2009,"Biography, Drama, Family",270857,2009-06-13,Lasse Hallström,,
101,tt0347149,2019-05-25,2019-05-25,,Hauru no ugoku shiro,https://www.imdb.com/title/tt0347149/,movie,8.2,119,2004,"Animation, Adventure, Family, Fantasy",366224,2004-09-05,Hayao Miyazaki,,
102,tt5834204,2019-05-31,2019-05-31,,The Handmaid's Tale,https://www.imdb.com/title/tt5834204/,tvSeries,8.4,60,2017,"Drama, Sci-Fi, Thriller",209376,2017-04-24,,,
103,tt1740299,2019-06-07,2019-06-07,,The Man in the High Castle,https://www.imdb.com/title/tt1740299/,tvSeries,8.0,60,2015,"Drama, Sci-Fi, Thriller",95637,2015-01-13,,,
104,tt0421715,2019-06-10,2019-06-10,,The Curious Case of Benjamin Button,https://www.imdb.com/title/tt0421715/,movie,7.8,166,2008,"Drama, Fantasy, Romance",622752,2008-12-10,David Fincher,,
105,tt0093870,2019-06-17,2019-06-17,,RoboCop,https://www.imdb.com/title/tt0093870/,movie,7.6,102,1987,"Action, Crime, Sci-Fi, Thriller",247252,1987-07-17,Paul Verhoeven,,
106,tt7221388,2019-06-21,2019-06-21,,Cobra Kai,https://www.imdb.com/title/tt7221388/,tvSeries,8.6,30,2018,"Action, Comedy, Drama, Sport",135588,2018-04-30,,,
107,tt0130236,2019-06-23,2019-06-23,,Samurai Cop,https://www.imdb.com/title/tt0130236/,movie,4.6,96,1991,"Action, Crime, Thriller",8317,1991-11-30,Amir Shervan,,
108,tt0250258,2019-06-30,2019-06-30,,Das Experiment,https://www.imdb.com/title/tt0250258/,movie,7.7,120,2001,"Drama, Thriller",92837,2001-03-07,Oliver Hirschbiegel,,
109,tt1063669,2019-06-30,2019-06-30,,Die Welle,https://www.imdb.com/title/tt1063669/,movie,7.6,107,2008,"Drama, Thriller",106709,2008-01-18,Dennis Gansel,,
110,tt0454876,2019-07-10,2019-07-10,,Life of Pi,https://www.imdb.com/title/tt0454876/,movie,7.9,127,2012,"Adventure, Drama, Fantasy",606955,2012-09-28,Ang Lee,,
111,tt1504320,2019-07-10,2019-07-10,,The King's Speech,https://www.imdb.com/title/tt1504320/,movie,8.0,118,2010,"Biography, Drama, History",662134,2010-09-06,Tom Hooper,,
112,tt1798709,2019-07-10,2019-07-10,,Her,https://www.imdb.com/title/tt1798709/,movie,8.0,126,2013,"Drama, Romance, Sci-Fi",577209,2013-10-12,Spike Jonze,,
113,tt0080120,2019-07-17,2019-07-17,,The Warriors,https://www.imdb.com/title/tt0080120/,movie,7.6,92,1979,"Action, Crime, Thriller",99407,1979-02-01,Walter Hill,,
114,tt0343818,2019-07-19,2019-07-19,,"I, Robot",https://www.imdb.com/title/tt0343818/,movie,7.1,115,2004,"Action, Mystery, Sci-Fi, Thriller",521224,2004-07-07,Alex Proyas,,
115,tt0120611,2019-07-21,2019-07-21,,Blade,https://www.imdb.com/title/tt0120611/,movie,7.1,120,1998,"Action, Horror, Sci-Fi",260986,1998-08-19,Stephen Norrington,,
116,tt2243973,2019-07-23,2019-07-23,,Hannibal,https://www.imdb.com/title/tt2243973/,tvSeries,8.5,44,2013,"Crime, Drama, Horror, Mystery, Thriller",242535,2013-04-04,,,
117,tt0773262,2019-07-23,2019-07-23,,Dexter,https://www.imdb.com/title/tt0773262/,tvSeries,8.6,53,2006,"Crime, Drama, Mystery, Thriller",695506,2006-10-01,,,
118,tt2094262,2019-07-23,2019-07-23,,Da Vinci's Demons,https://www.imdb.com/title/tt2094262/,tvSeries,8.0,60,2013,"Adventure, Biography, Drama, Fantasy, History, Mystery, Romance",75431,2013-04-12,,,
119,tt3647998,2019-07-23,2019-07-23,,Taboo,https://www.imdb.com/title/tt3647998/,tvSeries,8.4,59,2017,"Drama, Mystery, Thriller",123348,2017-01-07,,,
120,tt0245429,2019-07-23,2019-07-23,,Sen to Chihiro no kamikakushi,https://www.imdb.com/title/tt0245429/,movie,8.6,125,2001,"Animation, Adventure, Family, Fantasy, Mystery",709154,2001-07-20,Hayao Miyazaki,,
121,tt1220719,2019-07-23,2019-07-23,,Ip Man,https://www.imdb.com/title/tt1220719/,movie,8.0,106,2008,"Action, Biography, Drama, History",218984,2008-12-12,Wilson Yip,,
122,tt5016504,2019-08-05,2019-08-05,,Preacher,https://www.imdb.com/title/tt5016504/,tvSeries,7.9,60,2016,"Adventure, Drama, Fantasy, Horror, Mystery",71963,2016-03-14,,,
123,tt1043813,2019-08-07,2019-08-07,,Titans,https://www.imdb.com/title/tt1043813/,tvSeries,7.6,45,2018,"Action, Adventure, Crime, Drama, Fantasy, Sci-Fi",90188,2018-10-03,,,
124,tt0099487,2019-08-26,2019-08-26,,Edward Scissorhands,https://www.imdb.com/title/tt0099487/,movie,7.9,105,1990,"Drama, Fantasy, Romance",469574,1990-12-06,Tim Burton,,
125,tt2306299,2019-09-07,2019-09-07,,Vikings,https://www.imdb.com/title/tt2306299/,tvSeries,8.5,44,2013,"Action, Adventure, Drama, History, Romance, War",483985,2013-03-03,,,
126,tt5715524,2019-09-08,2019-09-08,,Mayans M.C.,https://www.imdb.com/title/tt5715524/,tvSeries,7.6,60,2018,"Crime, Drama, Thriller",15452,2018-09-04,,,
127,tt0289879,2019-09-09,2019-09-09,,The Butterfly Effect,https://www.imdb.com/title/tt0289879/,movie,7.6,113,2004,"Drama, Sci-Fi, Thriller",472275,2004-01-17,"J. Mackye Gruber, Eric Bress",,
128,tt0032455,2019-09-09,2019-09-09,,Fantasia,https://www.imdb.com/title/tt0032455/,movie,7.7,125,1940,"Animation, Family, Fantasy, Music, Musical",93078,1940-11-13,"Samuel Armstrong, Ben Sharpsteen, Hamilton Luske, Paul Satterfield, James Algar, Jim Handley, David Hand, Ford Beebe Jr., Wilfred Jackson, T. Hee, Bill Roberts, Norman Ferguson",,
129,tt1979376,2019-10-04,2019-10-04,,Toy Story 4,https://www.imdb.com/title/tt1979376/,movie,7.7,100,2019,"Animation, Adventure, Comedy, Family, Fantasy",229320,2019-06-11,Josh Cooley,,
130,tt0979432,2019-10-14,2019-10-14,,Boardwalk Empire,https://www.imdb.com/title/tt0979432/,tvSeries,8.5,55,2010,"Crime, Drama, History",181466,2010-09-19,,,
131,tt0078346,2019-11-11,2019-11-11,,Superman,https://www.imdb.com/title/tt0078346/,movie,7.3,143,1978,"Action, Adventure, Sci-Fi",168847,1978-12-10,Richard Donner,,
132,tt0083987,2019-11-11,2019-11-11,,Gandhi,https://www.imdb.com/title/tt0083987/,movie,8.0,191,1982,"Biography, Drama",224948,1982-11-30,Richard Attenborough,,
133,tt0077416,2019-11-27,2019-11-27,,The Deer Hunter,https://www.imdb.com/title/tt0077416/,movie,8.1,183,1978,"Drama, War",328286,1978-12-08,Michael Cimino,,
134,tt1080016,2019-12-30,2019-12-30,,Ice Age: Dawn of the Dinosaurs,https://www.imdb.com/title/tt1080016/,movie,6.9,94,2009,"Animation, Adventure, Comedy, Family",235684,2009-06-26,"Michael Thurmeier, Carlos Saldanha",,
135,tt3416828,2019-12-30,2019-12-30,,Ice Age: Collision Course,https://www.imdb.com/title/tt3416828/,movie,5.7,94,2016,"Animation, Adventure, Comedy, Family, Sci-Fi",62397,2016-06-19,"Galen T. Chu, Michael Thurmeier",,
136,tt1667889,2019-12-30,2019-12-30,,Ice Age: Continental Drift,https://www.imdb.com/title/tt1667889/,movie,6.5,88,2012,"Animation, Adventure, Comedy, Family",201498,2012-06-26,"Michael Thurmeier, Steve Martino",,
137,tt1049413,2019-12-30,2019-12-30,,Up,https://www.imdb.com/title/tt1049413/,movie,8.2,96,2009,"Animation, Adventure, Comedy, Drama, Family",990669,2009-05-13,"Pete Docter, Bob Peterson",,
138,tt2096673,2019-12-30,2019-12-30,,Inside Out,https://www.imdb.com/title/tt2096673/,movie,8.1,95,2015,"Animation, Adventure, Comedy, Drama, Family, Fantasy, Sci-Fi",666975,2015-05-18,"Pete Docter, Ronnie Del Carmen",,
139,tt0079417,2020-01-15,2020-01-15,,Kramer vs. Kramer,https://www.imdb.com/title/tt0079417/,movie,7.8,105,1979,Drama,140731,1979-12-07,Robert Benton,,
140,tt6517102,2020-03-17,2020-03-17,,Castlevania,https://www.imdb.com/title/tt6517102/,tvSeries,8.3,23,2017,"Animation, Action, Adventure, Drama, Fantasy, Horror",57781,2017-07-07,,,
141,tt1598778,2020-03-18,2020-03-18,,Contagion,https://www.imdb.com/title/tt1598778/,movie,6.8,106,2011,"Drama, Thriller",295922,2011-09-03,Steven Soderbergh,,
142,tt2741602,2020-03-20,2020-03-20,,The Blacklist,https://www.imdb.com/title/tt2741602/,tvSeries,8.0,43,2013,"Crime, Drama, Mystery, Thriller",228091,2013-09-23,,,
143,tt8550800,2020-03-23,2020-03-23,,The Outsider,https://www.imdb.com/title/tt8550800/,tvSeries,7.7,60,2020,"Crime, Drama, Fantasy, Mystery, Thriller",74113,2020-01-12,,,
144,tt10985510,2020-03-29,2020-03-29,,Superman: Red Son,https://www.imdb.com/title/tt10985510/,video,6.4,84,2020,"Animation, Action, Sci-Fi",13487,2020-02-24,Sam Liu,,
145,tt1439629,2020-04-02,2020-04-02,,Community,https://www.imdb.com/title/tt1439629/,tvSeries,8.5,22,2009,Comedy,242966,2009-09-16,,,
146,tt1001526,2020-04-16,2020-04-16,,Megamind,https://www.imdb.com/title/tt1001526/,movie,7.3,95,2010,"Animation, Action, Comedy, Crime, Family, Romance, Sci-Fi, Thriller",245968,2010-10-28,Tom McGrath,,
147,tt3655448,2020-04-18,2020-04-18,,The Young Pope,https://www.imdb.com/title/tt3655448/,tvMiniSeries,8.4,546,2016,Drama,41828,2016-09-03,,,
148,tt0213338,2020-04-23,2020-04-23,,Kaubôi bibappu,https://www.imdb.com/title/tt0213338/,tvSeries,8.9,24,1998,"Animation, Action, Adventure, Comedy, Drama, Sci-Fi",106627,1998-04-03,,,
149,tt7049682,2020-04-26,2020-04-26,,Watchmen,https://www.imdb.com/title/tt7049682/,tvMiniSeries,8.2,527,2019,"Crime, Drama, Mystery, Sci-Fi",107554,2019-10-20,,,
150,tt1048049,2020-05-04,2020-05-04,,Devil May Cry: Debiru mei kurai,https://www.imdb.com/title/tt1048049/,tvMiniSeries,7.1,288,2007,"Animation, Action, Fantasy, Horror",4980,2007-06-14,,,
151,tt0100507,2020-05-19,2020-05-19,,Rocky V,https://www.imdb.com/title/tt0100507/,movie,5.3,104,1990,"Drama, Sport",133361,1990-11-13,John G. Avildsen,,
152,tt0448115,2020-06-02,2020-06-02,,Shazam!,https://www.imdb.com/title/tt0448115/,movie,7.0,132,2019,"Action, Adventure, Comedy, Fantasy",304581,2019-03-25,David F. Sandberg,,
153,tt6315800,2020-06-02,2020-06-02,,Teen Titans: The Judas Contract,https://www.imdb.com/title/tt6315800/,video,7.0,84,2017,"Animation, Action, Adventure, Drama, Family, Fantasy, Sci-Fi",14200,2017-03-31,Sam Liu,,
154,tt7167686,2020-06-02,2020-06-02,,Reign of the Supermen,https://www.imdb.com/title/tt7167686/,movie,6.8,87,2019,"Animation, Action, Adventure, Family, Sci-Fi",13249,2019-01-10,Sam Liu,,
155,tt4378376,2020-06-03,2020-06-03,,Babylon Berlin,https://www.imdb.com/title/tt4378376/,tvSeries,8.4,45,2017,"Crime, Drama, Thriller",22247,2017-09-30,,,
156,tt11079148,2020-06-17,2020-06-17,,Justice League Dark: Apokolips War,https://www.imdb.com/title/tt11079148/,video,7.8,90,2020,"Animation, Action, Sci-Fi",20421,2020-05-05,"Christina Sotta, Matt Peters",,
157,tt7157248,2020-06-17,2020-06-17,,The New Pope,https://www.imdb.com/title/tt7157248/,tvMiniSeries,8.1,60,2019,Drama,14791,2020-01-10,,,
158,tt1013752,2020-06-27,2020-06-27,,Fast & Furious,https://www.imdb.com/title/tt1013752/,movie,6.6,107,2009,"Action, Crime, Thriller",277880,2009-03-12,Justin Lin,,
159,tt0994314,2020-07-04,2020-07-04,,Kôdo giasu - Hangyaku no rurûshu: Code Geass - Lelouch of the Rebellion,https://www.imdb.com/title/tt0994314/,tvSeries,8.7,24,2006,"Animation, Action, Drama, Sci-Fi, Thriller",60264,2006-10-05,,,
160,tt0112159,2020-07-04,2020-07-04,,Shin seiki evangerion,https://www.imdb.com/title/tt0112159/,tvSeries,8.5,24,1995,"Animation, Action, Drama, Sci-Fi",60904,1995-10-04,,,
161,tt0101452,2020-07-17,2020-07-17,,Bill & Ted's Bogus Journey,https://www.imdb.com/title/tt0101452/,movie,6.3,93,1991,"Adventure, Comedy, Fantasy, Music, Sci-Fi",73940,1991-07-19,Peter Hewitt,,
162,tt1312171,2020-08-02,2020-08-02,,The Umbrella Academy,https://www.imdb.com/title/tt1312171/,tvSeries,8.0,60,2019,"Action, Adventure, Comedy, Drama, Fantasy, Sci-Fi",190418,2019-02-15,,,
163,tt1655442,2020-08-18,2020-08-18,,The Artist,https://www.imdb.com/title/tt1655442/,movie,7.9,100,2011,"Comedy, Drama, Romance",237439,2011-05-15,Michel Hazanavicius,,
164,tt1560220,2020-09-16,2020-09-16,,Zombieland: Double Tap,https://www.imdb.com/title/tt1560220/,movie,6.7,99,2019,"Action, Comedy, Horror",165862,2019-10-09,Ruben Fleischer,,
165,tt0363771,2020-09-17,2020-09-17,,"The Chronicles of Narnia: The Lion, the Witch and the Wardrobe",https://www.imdb.com/title/tt0363771/,movie,6.9,143,2005,"Adventure, Family, Fantasy",383868,2005-12-07,Andrew Adamson,,
166,tt0117381,2020-09-26,2020-09-26,,Primal Fear,https://www.imdb.com/title/tt0117381/,movie,7.7,129,1996,"Crime, Drama, Mystery, Thriller",203780,1996-04-01,Gregory Hoblit,,
167,tt3718778,2020-09-26,2020-09-26,,Over the Garden Wall,https://www.imdb.com/title/tt3718778/,tvMiniSeries,8.8,22,2014,"Animation, Adventure, Drama, Family, Fantasy, Horror, Musical, Mystery, Thriller",48799,2014-11-03,,,
168,tt0101272,2020-10-03,2020-10-03,,The Addams Family,https://www.imdb.com/title/tt0101272/,movie,6.9,99,1991,"Comedy, Fantasy",148231,1991-11-19,Barry Sonnenfeld,,
169,tt5700672,2020-10-16,2020-10-16,,Busanhaeng,https://www.imdb.com/title/tt5700672/,movie,7.6,118,2016,"Action, Horror, Thriller",198491,2016-05-13,Sang-ho Yeon,,
170,tt0096697,2020-11-28,2020-11-28,,The Simpsons,https://www.imdb.com/title/tt0096697/,tvSeries,8.6,22,1989,"Animation, Short, Comedy",386955,1989-12-17,,,
171,tt0121955,2020-11-28,2020-11-28,,South Park,https://www.imdb.com/title/tt0121955/,tvSeries,8.7,22,1997,"Animation, Comedy",350675,1997-08-13,,,
172,tt0182576,2020-11-28,2020-11-28,,Family Guy,https://www.imdb.com/title/tt0182576/,tvSeries,8.1,22,1999,"Animation, Comedy",320460,1999-01-31,,,
173,tt0149460,2020-11-28,2020-11-28,,Futurama,https://www.imdb.com/title/tt0149460/,tvSeries,8.4,22,1999,"Animation, Adventure, Comedy, Sci-Fi",224684,1999-03-28,,,
174,tt1148204,2020-12-20,2020-12-20,,Orphan,https://www.imdb.com/title/tt1148204/,movie,7.0,123,2009,"Horror, Mystery, Thriller",206917,2009-07-21,Jaume Collet-Serra,,
175,tt0099810,2020-12-23,2020-12-23,,The Hunt for Red October,https://www.imdb.com/title/tt0099810/,movie,7.6,135,1990,"Action, Adventure, Thriller",191451,1990-03-02,John McTiernan,,
176,tt1734537,2021-01-08,2021-01-08,,Agatha Christie's Marple,https://www.imdb.com/title/tt1734537/,tvSeries,7.8,93,2004,"Crime, Drama, Mystery",7629,2004-12-12,,,
177,tt0113189,2021-01-13,2021-01-13,,GoldenEye,https://www.imdb.com/title/tt0113189/,movie,7.2,130,1995,"Action, Adventure, Thriller",250750,1995-11-13,Martin Campbell,,
178,tt7349662,2021-01-19,2021-01-19,,BlacKkKlansman,https://www.imdb.com/title/tt7349662/,movie,7.5,135,2018,"Biography, Comedy, Crime, Drama",247888,2018-05-14,Spike Lee,,
179,tt3741700,2021-01-24,2021-01-24,,Godzilla: King of the Monsters,https://www.imdb.com/title/tt3741700/,movie,6.0,132,2019,"Action, Adventure, Fantasy, Sci-Fi",170873,2019-05-29,Michael Dougherty,5,2021-04-11
180,tt0889583,2021-01-25,2021-01-25,,Brüno,https://www.imdb.com/title/tt0889583/,movie,5.8,81,2009,Comedy,147349,2009-06-25,Larry Charles,,
181,tt11161474,2021-01-29,2021-01-29,,Pieces of a Woman,https://www.imdb.com/title/tt11161474/,movie,7.1,126,2020,Drama,45661,2020-09-04,Kornél Mundruczó,,
182,tt7440726,2021-02-15,2021-02-15,,Your Honor,https://www.imdb.com/title/tt7440726/,tvSeries,7.6,57,2020,"Crime, Drama, Thriller",41269,2020-12-06,,,
183,tt13143964,2021-02-18,2021-02-18,,Borat Subsequent Moviefilm: Delivery of Prodigious Bribe to American Regime for Make Benefit Once Glorious Nation of Kazakhstan,https://www.imdb.com/title/tt13143964/,movie,6.6,95,2020,Comedy,132965,2020-10-23,Jason Woliner,,
184,tt0087843,2021-02-18,2021-02-18,,Once Upon a Time in America,https://www.imdb.com/title/tt0087843/,movie,8.3,229,1984,"Crime, Drama",335215,1984-05-20,Sergio Leone,,
185,tt0286486,2021-03-12,2021-03-12,,The Shield,https://www.imdb.com/title/tt0286486/,tvSeries,8.7,47,2002,"Crime, Drama, Thriller",77367,2002-03-12,,,
186,tt7137906,2021-03-16,2021-03-16,,When They See Us,https://www.imdb.com/title/tt7137906/,tvMiniSeries,8.9,296,2019,"Biography, Crime, Drama, History",109175,2019-05-31,,,
187,tt0015648,2021-03-24,2021-03-24,,Bronenosets Potemkin,https://www.imdb.com/title/tt0015648/,movie,8.0,75,1925,"Drama, History, Thriller, War",56205,1925-11-12,Sergei M. Eisenstein,,
188,tt1104001,2021-04-11,2021-04-11,,Tron,https://www.imdb.com/title/tt1104001/,movie,6.8,125,2010,"Action, Adventure, Sci-Fi",326192,2010-11-30,Joseph Kosinski,,
189,tt3450958,2021-04-11,2021-04-11,,War for the Planet of the Apes,https://www.imdb.com/title/tt3450958/,movie,7.4,140,2017,"Action, Adventure, Drama, Sci-Fi, Thriller",243208,2017-07-07,Matt Reeves,,
190,tt2103281,2021-04-11,2021-04-11,,Dawn of the Planet of the Apes,https://www.imdb.com/title/tt2103281/,movie,7.6,130,2014,"Action, Adventure, Drama, Sci-Fi, Thriller",426775,2014-06-26,Matt Reeves,,
191,tt1028528,2021-04-18,2021-04-18,,Death Proof,https://www.imdb.com/title/tt1028528/,movie,7.0,127,2007,"Action, Thriller",282087,2007-05-22,Quentin Tarantino,,
192,tt6741278,2021-04-19,2021-04-19,,Invincible,https://www.imdb.com/title/tt6741278/,tvSeries,8.7,50,2021,"Animation, Action, Adventure, Drama, Fantasy, Sci-Fi, Thriller",100678,2021-03-25,,9,2021-05-10
193,tt7985576,2021-04-19,2021-04-19,,The Serpent,https://www.imdb.com/title/tt7985576/,tvMiniSeries,7.6,58,2021,"Crime, Drama, Thriller",39284,2021-01-01,,,
194,tt0059749,2021-04-19,2021-04-19,,The Spy Who Came in from the Cold,https://www.imdb.com/title/tt0059749/,movie,7.6,112,1965,"Drama, Thriller",16485,1965-05-26,Martin Ritt,,
195,tt0430357,2021-04-19,2021-04-19,,Miami Vice,https://www.imdb.com/title/tt0430357/,movie,6.0,132,2006,"Action, Crime, Drama, Thriller",114665,2006-07-20,Michael Mann,,
196,tt0084787,2021-04-21,2021-04-21,,The Thing,https://www.imdb.com/title/tt0084787/,movie,8.1,109,1982,"Horror, Mystery, Sci-Fi",400242,1982-06-25,John Carpenter,,
197,tt0056801,2021-04-21,2021-04-21,,8½,https://www.imdb.com/title/tt0056801/,movie,8.0,138,1963,Drama,114756,1963-01-02,Federico Fellini,,
198,tt4857264,2021-04-21,2021-04-21,,Contratiempo,https://www.imdb.com/title/tt4857264/,movie,8.1,106,2016,"Crime, Drama, Mystery, Thriller",164809,2016-09-23,Oriol Paulo,,
199,tt0443706,2021-04-21,2021-04-21,,Zodiac,https://www.imdb.com/title/tt0443706/,movie,7.7,157,2007,"Crime, Drama, Mystery, Thriller",508529,2007-02-28,David Fincher,,
200,tt0119094,2021-04-21,2021-04-21,,Face/Off,https://www.imdb.com/title/tt0119094/,movie,7.2,138,1997,"Action, Crime, Sci-Fi, Thriller",364122,1997-06-19,John Woo,,
201,tt0054215,2021-04-21,2021-04-21,,Psycho,https://www.imdb.com/title/tt0054215/,movie,8.5,109,1960,"Horror, Mystery, Thriller",640678,1960-06-16,Alfred Hitchcock,,
202,tt0034583,2021-04-21,2021-04-21,,Casablanca,https://www.imdb.com/title/tt0034583/,movie,8.5,102,1942,"Drama, Romance, War",549793,1942-11-26,Michael Curtiz,,
203,tt5595168,2021-04-24,2021-04-24,,Kingsglaive: Final Fantasy XV,https://www.imdb.com/title/tt5595168/,movie,6.8,110,2016,"Animation, Action, Adventure, Drama, Family, Fantasy, Sci-Fi",21248,2016-07-09,Takeshi Nozue,,
204,tt0211915,2021-04-25,2021-04-25,,Le fabuleux destin d'Amélie Poulain,https://www.imdb.com/title/tt0211915/,movie,8.3,122,2001,"Comedy, Romance",732196,2001-04-25,Jean-Pierre Jeunet,,
205,tt0414993,2021-04-27,2021-04-27,,The Fountain,https://www.imdb.com/title/tt0414993/,movie,7.2,97,2006,"Drama, Mystery, Romance, Sci-Fi",235258,2006-09-04,Darren Aronofsky,,
206,tt0369179,2021-04-30,2021-04-30,,Two and a Half Men,https://www.imdb.com/title/tt0369179/,tvSeries,7.0,22,2003,"Comedy, Romance",252541,2003-09-22,,,
207,tt0898266,2021-04-30,2021-04-30,,The Big Bang Theory,https://www.imdb.com/title/tt0898266/,tvSeries,8.1,22,2007,"Comedy, Romance",765116,2006-05-01,,,
208,tt0166924,2021-05-14,2021-05-14,,Mulholland Dr.,https://www.imdb.com/title/tt0166924/,movie,7.9,147,2001,"Drama, Mystery, Thriller",342073,2001-05-16,David Lynch,,
209,tt0098936,2021-05-14,2021-05-14,,Twin Peaks,https://www.imdb.com/title/tt0098936/,tvSeries,8.8,47,1990,"Crime, Drama, Mystery, Thriller",187985,1989-09-28,,,
210,tt2397535,2021-05-19,2021-05-19,,Predestination,https://www.imdb.com/title/tt2397535/,movie,7.5,97,2014,"Action, Drama, Sci-Fi, Thriller",270741,2014-03-08,"Michael Spierig, Peter Spierig",,
211,tt0452623,2021-05-23,2021-05-23,,Gone Baby Gone,https://www.imdb.com/title/tt0452623/,movie,7.6,114,2007,"Crime, Drama, Mystery, Thriller",265430,2007-09-05,Ben Affleck,,
212,tt6644200,2021-05-24,2021-05-24,,A Quiet Place,https://www.imdb.com/title/tt6644200/,movie,7.5,90,2018,"Drama, Horror, Sci-Fi",491654,2018-03-09,John Krasinski,,
213,tt0245910,2021-06-09,2021-06-09,,Ftina tsigara,https://www.imdb.com/title/tt0245910/,movie,7.5,85,2000,"Comedy, Romance",3158,2000-11-15,Renos Haralambidis,,
214,tt7658402,2021-06-16,2021-06-16,,Harley Quinn,https://www.imdb.com/title/tt7658402/,tvSeries,8.5,23,2019,"Animation, Action, Adventure, Comedy, Crime, Fantasy, Mystery, Sci-Fi",20807,2019-11-29,,,
215,tt0290978,2021-06-24,2021-06-24,,The Office,https://www.imdb.com/title/tt0290978/,tvSeries,8.5,30,2001,"Comedy, Drama",106287,2001-07-09,,,
216,tt0109686,2021-07-21,2021-07-21,,Dumb and Dumber,https://www.imdb.com/title/tt0109686/,movie,7.3,107,1994,Comedy,370918,1994-12-06,"Bobby Farrelly, Peter Farrelly",,
217,tt10986410,2021-07-24,2021-07-24,,Ted Lasso,https://www.imdb.com/title/tt10986410/,tvSeries,8.8,30,2020,"Comedy, Drama, Sport",150522,2020-08-14,,,
218,tt0069293,2021-08-19,2021-08-19,,Solyaris,https://www.imdb.com/title/tt0069293/,movie,8.0,167,1972,"Drama, Mystery, Sci-Fi",87988,1972-02-05,Andrei Tarkovsky,,
219,tt0109445,2021-08-20,2021-08-20,,Clerks,https://www.imdb.com/title/tt0109445/,movie,7.7,92,1994,Comedy,217912,1994-01-31,Kevin Smith,,
220,tt0458481,2021-09-23,2021-09-23,,Sin City: A Dame to Kill For,https://www.imdb.com/title/tt0458481/,movie,6.5,102,2014,"Action, Crime, Thriller",158234,2014-08-19,"Frank Miller, Robert Rodriguez",,
221,tt0500092,2021-09-30,2021-09-30,,Serial Experiments Lain,https://www.imdb.com/title/tt0500092/,tvMiniSeries,8.1,316,1998,"Animation, Drama, Horror, Mystery, Sci-Fi",12511,1998-07-06,,,
222,tt1910272,2021-09-30,2021-09-30,,Steins;Gate,https://www.imdb.com/title/tt1910272/,tvSeries,8.8,24,2011,"Animation, Comedy, Drama, Romance, Sci-Fi, Thriller",54218,2011-03-06,,,
223,tt1843303,2021-09-30,2021-09-30,,The VelociPastor,https://www.imdb.com/title/tt1843303/,movie,5.1,75,2018,"Action, Adventure, Comedy, Fantasy, Horror, Sci-Fi, Thriller",5038,2018-08-31,Brendan Steere,,
224,tt10574558,2021-10-06,2021-10-06,,Midnight Mass,https://www.imdb.com/title/tt10574558/,tvMiniSeries,7.7,450,2021,"Drama, Fantasy, Horror, Mystery",87198,2021-09-22,,,
225,tt0884328,2021-10-06,2021-10-06,,The Mist,https://www.imdb.com/title/tt0884328/,movie,7.1,126,2007,"Horror, Sci-Fi, Thriller",294828,2007-11-12,Frank Darabont,,
226,tt0084516,2021-10-06,2021-10-06,,Poltergeist,https://www.imdb.com/title/tt0084516/,movie,7.3,114,1982,"Horror, Thriller",155619,1982-06-04,Tobe Hooper,,
227,tt1457767,2021-10-06,2021-10-06,,The Conjuring,https://www.imdb.com/title/tt1457767/,movie,7.5,112,2013,"Horror, Mystery, Thriller",481951,2013-06-08,James Wan,,
228,tt7660850,2021-10-22,2021-10-22,,Succession,https://www.imdb.com/title/tt7660850/,tvSeries,8.8,60,2018,Drama,100292,2018-06-02,,,
229,tt10168312,2021-10-23,2021-10-23,,What If...?,https://www.imdb.com/title/tt10168312/,tvSeries,7.5,,2021,"Animation, Action, Adventure, Sci-Fi",78045,2021-08-11,,,
230,tt0437086,2021-11-07,2021-11-07,,Alita: Battle Angel,https://www.imdb.com/title/tt0437086/,movie,7.3,122,2019,"Action, Adventure, Sci-Fi, Thriller",252249,2019-01-31,Robert Rodriguez,,
231,tt0396171,2021-11-12,2021-11-12,,Perfume: The Story of a Murderer,https://www.imdb.com/title/tt0396171/,movie,7.5,147,2006,"Crime, Drama, Fantasy",243409,2006-09-07,Tom Tykwer,,
232,tt0103584,2021-11-13,2021-11-13,,X-Men,https://www.imdb.com/title/tt0103584/,tvSeries,8.4,23,1992,"Animation, Action, Family, Sci-Fi",40474,1992-10-31,,,
233,tt0267913,2021-11-20,2021-11-20,,Scooby-Doo,https://www.imdb.com/title/tt0267913/,movie,5.2,89,2002,"Adventure, Comedy, Family, Fantasy, Mystery",107082,2002-06-08,Raja Gosnell,,
234,tt1865718,2021-12-03,2021-12-03,,Gravity Falls,https://www.imdb.com/title/tt1865718/,tvSeries,8.9,23,2012,"Animation, Action, Adventure, Comedy, Drama, Family, Fantasy, Horror, Mystery, Sci-Fi, Thriller",90073,2012-06-14,,,
235,tt2872718,2021-12-17,2021-12-17,,Nightcrawler,https://www.imdb.com/title/tt2872718/,movie,7.8,117,2014,"Crime, Drama, Thriller",506767,2014-09-05,Dan Gilroy,,
236,tt3581652,2021-12-24,2021-12-24,,West Side Story,https://www.imdb.com/title/tt3581652/,movie,7.9,156,2021,"Crime, Drama, Musical, Romance",20613,2021-11-29,Steven Spielberg,,
237,tt10160804,2021-12-24,2021-12-24,,Hawkeye,https://www.imdb.com/title/tt10160804/,tvMiniSeries,7.8,60,2021,"Action, Adventure, Crime, Drama, Mystery, Sci-Fi",88146,2021-11-11,,,
238,tt11286314,2021-12-24,2021-12-24,,Don't Look Up,https://www.imdb.com/title/tt11286314/,movie,7.3,138,2021,"Comedy, Drama, Sci-Fi",230491,2021-12-08,Adam McKay,,
239,tt8847712,2021-12-27,2021-12-27,,The French Dispatch,https://www.imdb.com/title/tt8847712/,movie,7.4,107,2021,"Comedy, Drama, Romance",55603,2021-07-12,Wes Anderson,,
240,tt4244994,2021-12-27,2021-12-27,,The Last Duel,https://www.imdb.com/title/tt4244994/,movie,7.4,152,2021,"Action, Drama, History, Thriller",75490,2021-09-10,Ridley Scott,,
